{
    "rmse": 1295.2908925430925,
    "mae": 934.5198806346766,
    "r2": 0.4373079514706327
}