{
    "item_weight":{"min":4.555,"max":21.35},
    "item_visibility":{"min":0.003574698,"max":0.328390948},
    "item_mrp":{"min":31.29,"max":266.8884},
    "outlet_years":{"min":13.0,"max":37.0}
}